{
  "attn_apply": {
    "mean": -0.006994128227233887,
    "n": 150994944,
    "per_layer": {
      "0": {
        "mean": 0.17292308807373047,
        "n": 12582912,
        "std": 10.14569769318694
      },
      "1": {
        "mean": -0.09308020273844402,
        "n": 12582912,
        "std": 5.844427756956726
      },
      "10": {
        "mean": 0.03337542215983073,
        "n": 12582912,
        "std": 6.09496429380816
      },
      "11": {
        "mean": -0.09083620707194011,
        "n": 12582912,
        "std": 7.641594738356702
      },
      "2": {
        "mean": 0.06291627883911133,
        "n": 12582912,
        "std": 3.025559620409011
      },
      "3": {
        "mean": -0.0202178955078125,
        "n": 12582912,
        "std": 3.2564881505219905
      },
      "4": {
        "mean": -0.04075908660888672,
        "n": 12582912,
        "std": 3.883108658308955
      },
      "5": {
        "mean": -0.025081316630045574,
        "n": 12582912,
        "std": 2.345064336142211
      },
      "6": {
        "mean": 0.022756258646647137,
        "n": 12582912,
        "std": 3.0379410659338713
      },
      "7": {
        "mean": -0.02406756083170573,
        "n": 12582912,
        "std": 2.23609497773772
      },
      "8": {
        "mean": -0.0532526969909668,
        "n": 12582912,
        "std": 3.8312941609577864
      },
      "9": {
        "mean": -0.02860562006632487,
        "n": 12582912,
        "std": 5.557496321603742
      }
    },
    "source": "attn_apply",
    "std": 5.266436202538132
  },
  "attn_score": {
    "mean": 0.8578066825866699,
    "n": 301989888,
    "per_layer": {
      "0": {
        "mean": 7.575957298278809,
        "n": 25165824,
        "std": 16.78995722946428
      },
      "1": {
        "mean": 5.355754852294922,
        "n": 25165824,
        "std": 17.599184974478554
      },
      "10": {
        "mean": -5.741485118865967,
        "n": 25165824,
        "std": 17.745659106425393
      },
      "11": {
        "mean": -8.95253054300944,
        "n": 25165824,
        "std": 20.03185843458361
      },
      "2": {
        "mean": 3.4905529022216797,
        "n": 25165824,
        "std": 13.57342692969267
      },
      "3": {
        "mean": 4.176970640818278,
        "n": 25165824,
        "std": 14.862944776766488
      },
      "4": {
        "mean": 1.9450122515360515,
        "n": 25165824,
        "std": 14.7794621124835
      },
      "5": {
        "mean": 1.0181578000386555,
        "n": 25165824,
        "std": 14.416143729464942
      },
      "6": {
        "mean": -0.585240364074707,
        "n": 25165824,
        "std": 14.366293522248283
      },
      "7": {
        "mean": -1.7008047103881836,
        "n": 25165824,
        "std": 13.883914275182274
      },
      "8": {
        "mean": 0.8464223543802897,
        "n": 25165824,
        "std": 14.14141211316498
      },
      "9": {
        "mean": 2.864912827809652,
        "n": 25165824,
        "std": 13.150218315438355
      }
    },
    "source": "attn_score",
    "std": 16.19735987041758
  },
  "ffn1": {
    "mean": -8.256106661425697,
    "n": 603979776,
    "per_layer": {
      "0": {
        "mean": -1.900890866915385,
        "n": 50331648,
        "std": 48.86427691037039
      },
      "1": {
        "mean": -15.850513537724813,
        "n": 50331648,
        "std": 35.50094460374782
      },
      "10": {
        "mean": -28.30558133125305,
        "n": 50331648,
        "std": 53.12694928673758
      },
      "11": {
        "mean": -25.356730461120605,
        "n": 50331648,
        "std": 59.35194269786385
      },
      "2": {
        "mean": -16.230597178141277,
        "n": 50331648,
        "std": 41.53712867722134
      },
      "3": {
        "mean": -3.235348661740621,
        "n": 50331648,
        "std": 61.22922344050278
      },
      "4": {
        "mean": -2.624744494756063,
        "n": 50331648,
        "std": 51.676373536862116
      },
      "5": {
        "mean": 2.164405584335327,
        "n": 50331648,
        "std": 46.64250485515506
      },
      "6": {
        "mean": 3.8613483905792236,
        "n": 50331648,
        "std": 46.27329769386477
      },
      "7": {
        "mean": 5.796985785166423,
        "n": 50331648,
        "std": 45.715321519975134
      },
      "8": {
        "mean": 8.983016411463419,
        "n": 50331648,
        "std": 44.92169595306202
      },
      "9": {
        "mean": -26.374629577000935,
        "n": 50331648,
        "std": 50.834177897704656
      }
    },
    "source": "ffn1",
    "std": 50.939531162846514
  },
  "ffn2": {
    "mean": 1.1367274125417073,
    "n": 150994944,
    "per_layer": {
      "0": {
        "mean": 0.6539233525594076,
        "n": 12582912,
        "std": 43.95523199012884
      },
      "1": {
        "mean": -0.09744771321614583,
        "n": 12582912,
        "std": 17.22710500761732
      },
      "10": {
        "mean": 4.345505714416504,
        "n": 12582912,
        "std": 51.602300363223165
      },
      "11": {
        "mean": 2.8708216349283853,
        "n": 12582912,
        "std": 77.03369644763848
      },
      "2": {
        "mean": 0.07887887954711914,
        "n": 12582912,
        "std": 19.00827379663579
      },
      "3": {
        "mean": 0.16414260864257812,
        "n": 12582912,
        "std": 27.13952771125357
      },
      "4": {
        "mean": 0.4778563181559245,
        "n": 12582912,
        "std": 21.16133851737767
      },
      "5": {
        "mean": -0.19446468353271484,
        "n": 12582912,
        "std": 19.56059524424617
      },
      "6": {
        "mean": -0.3481446901957194,
        "n": 12582912,
        "std": 18.932506947172584
      },
      "7": {
        "mean": -0.3207772572835286,
        "n": 12582912,
        "std": 19.346387821774528
      },
      "8": {
        "mean": 0.2777589162190755,
        "n": 12582912,
        "std": 21.105350663537532
      },
      "9": {
        "mean": 5.732675870259603,
        "n": 12582912,
        "std": 50.10455068086666
      }
    },
    "source": "ffn2",
    "std": 37.067793530493375
  },
  "output_proj": {
    "mean": 0.31307005882263184,
    "n": 150994944,
    "per_layer": {
      "0": {
        "mean": 2.872920354207357,
        "n": 12582912,
        "std": 109.77780509789251
      },
      "1": {
        "mean": 2.4590126673380532,
        "n": 12582912,
        "std": 48.494844569994946
      },
      "10": {
        "mean": -2.1726951599121094,
        "n": 12582912,
        "std": 51.02398379181316
      },
      "11": {
        "mean": -0.6778440475463867,
        "n": 12582912,
        "std": 63.710197051373896
      },
      "2": {
        "mean": 0.6431179046630859,
        "n": 12582912,
        "std": 45.38049022883924
      },
      "3": {
        "mean": 0.7253691355387369,
        "n": 12582912,
        "std": 43.18461725336984
      },
      "4": {
        "mean": -0.08053398132324219,
        "n": 12582912,
        "std": 43.31725272242547
      },
      "5": {
        "mean": 0.16995875040690103,
        "n": 12582912,
        "std": 41.80043615486988
      },
      "6": {
        "mean": -0.053123156229654946,
        "n": 12582912,
        "std": 40.64241375509114
      },
      "7": {
        "mean": 0.31080182393391925,
        "n": 12582912,
        "std": 40.244256589865714
      },
      "8": {
        "mean": 0.02064800262451172,
        "n": 12582912,
        "std": 42.9302959473312
      },
      "9": {
        "mean": -0.46079158782958984,
        "n": 12582912,
        "std": 43.904430025235214
      }
    },
    "source": "output_proj",
    "std": 54.524398509883824
  },
  "qkv": {
    "mean": 0.0716967052883572,
    "n": 452984832,
    "per_layer": {
      "0": {
        "mean": -1.0949654049343533,
        "n": 37748736,
        "std": 58.54475193010392
      },
      "1": {
        "mean": 0.9192996554904513,
        "n": 37748736,
        "std": 45.60052981327825
      },